,Timestamp,Srad,Tmax,Tmin,Vapr,Tdew,RHmax,RHmin,Wndsp,Rain,ETr,ETo,refET,Mesonet ET
0,2023-01-01,6.786792,1.2,-4.52,0.46904166666666663,-3.629583333333333,0.932,0.74,0.95125,0.0,0.66,0.61,0.4214491976077182,0.61
1,2023-01-02,2.926512,-1.51,-3.38,0.4663333333333333,-3.6804166666666664,0.962,0.862,2.3579166666666667,0.0,0.26,0.22,0.1954942810431972,0.22
2,2023-01-03,7.675704,0.59,-9.64,0.32895833333333335,-8.334583333333333,0.938,0.505,0.71375,1.01,0.77,0.6900000000000001,0.675494741863002,0.6900000000000001
3,2023-01-04,9.38628,-1.83,-16.88,0.227625,-13.447916666666666,0.918,0.635,0.6891666666666666,0.76,0.72,0.63,0.6020430017278686,0.63
4,2023-01-05,6.088896,-5.64,-19.18,0.19520833333333334,-15.170416666666666,0.886,0.671,0.7579166666666667,0.0,0.44,0.4,0.34773786159047226,0.4
5,2023-01-06,6.1636679999999995,3.65,-11.4,0.3634583333333334,-7.5370833333333325,0.881,0.584,0.7666666666666666,0.76,0.62,0.55,0.5036676683830454,0.55
6,2023-01-07,9.039528,3.53,-8.81,0.40604166666666663,-5.601666666666667,0.93,0.596,0.7079166666666666,0.0,0.8,0.71,0.6644209149241371,0.71
7,2023-01-08,7.549416,0.19,-13.73,0.309625,-9.539166666666667,0.924,0.714,0.5808333333333333,0.0,0.49000000000000005,0.5,0.42512905788846195,0.5
8,2023-01-09,7.694748000000001,2.5,-8.89,0.36000000000000004,-7.3125,0.823,0.584,1.2908333333333333,0.0,0.99,0.81,0.7593338335902853,0.81
9,2023-01-10,9.699767999999999,7.54,-8.01,0.41687500000000005,-5.390416666666667,0.911,0.502,1.1175,0.0,1.1300000000000001,0.99,0.931838846897794,0.99
10,2023-01-11,3.328992,1.47,-0.99,0.5477916666666667,-1.5079166666666666,0.946,0.812,1.8966666666666667,1.27,0.3,0.25,0.22513704816304728,0.25
11,2023-01-12,8.504892,-1.35,-8.98,0.38762499999999994,-6.290416666666666,0.951,0.87,0.6383333333333333,0.0,0.53,0.56,0.48674363945166293,0.56
12,2023-01-13,8.99262,2.15,-11.36,0.35770833333333335,-7.59625,0.914,0.617,0.41875,0.0,0.5900000000000001,0.5800000000000001,0.5560011066985469,0.5800000000000001
13,2023-01-14,9.548676,6.08,-6.87,0.47633333333333333,-3.5508333333333333,0.935,0.605,0.9333333333333332,0.0,1.02,0.9,0.8562228400533961,0.9
14,2023-01-15,4.188384,5.56,-4.87,0.4964583333333334,-2.8975000000000004,0.903,0.558,1.6616666666666668,0.0,0.84,0.65,0.612986664265475,0.65
15,2023-01-16,7.3548,1.78,-6.38,0.48770833333333335,-3.14875,0.956,0.781,0.5683333333333334,0.0,0.71,0.66,0.6175691214901529,0.66
16,2023-01-17,6.53022,-0.97,-6.7,0.4295,-4.840416666666667,0.959,0.775,2.0558333333333336,0.0,0.71,0.5800000000000001,0.5738447671795917,0.5800000000000001
17,2023-01-18,6.01398,-1.0,-6.2,0.42287500000000006,-5.043333333333333,0.957,0.673,3.5749999999999997,0.0,0.6,0.5,0.468432311818363,0.5
18,2023-01-19,9.642924,-1.37,-19.97,0.2147916666666667,-14.293333333333335,0.896,0.66,0.5545833333333333,1.27,0.73,0.67,0.6300661414707188,0.67
19,2023-01-20,8.847107999999999,-1.4,-16.35,0.22,-13.706666666666665,0.879,0.494,0.5658333333333333,1.78,0.6900000000000001,0.66,0.5948036815953833,0.66
20,2023-01-21,7.498764,-0.39,-12.8,0.3227083333333333,-8.754166666666666,0.894,0.581,2.2445833333333334,0.25,0.9299999999999999,0.7100000000000001,0.6784232021316123,0.7100000000000001
21,2023-01-22,11.543076,-0.32,-10.69,0.326125,-8.495833333333334,0.886,0.567,1.17,0.25,1.09,0.93,0.8986447124889879,0.93
22,2023-01-23,7.930008,2.74,-9.37,0.3672916666666666,-7.00125,0.928,0.631,1.0579166666666666,0.0,0.72,0.65,0.5995092608897302,0.65
23,2023-01-24,10.462176,2.21,-10.59,0.31095833333333334,-9.08625,0.933,0.552,0.775,0.0,0.93,0.85,0.8237969295053521,0.85
24,2023-01-25,9.415692,-0.24,-10.2,0.28291666666666665,-10.219583333333334,0.853,0.552,4.10625,0.0,1.39,1.05,1.021951880435875,1.05
25,2023-01-26,11.299644,2.58,-10.8,0.2880833333333333,-10.31375,0.804,0.41,1.0395833333333333,0.0,1.24,1.02,0.9766521796118132,1.02
26,2023-01-27,7.4043,-0.05,-9.7,0.333,-8.206249999999999,0.876,0.621,1.16875,0.0,0.81,0.68,0.646918301569554,0.68
27,2023-01-28,6.334164,-3.78,-12.94,0.284125,-10.43375,0.924,0.822,2.86375,0.0,0.5,0.42,0.4334369948543013,0.42
28,2023-01-29,7.155432,-14.65,-18.95,0.12495833333333334,-20.14375,0.859,0.72,3.035833333333333,0.0,0.34,0.28,0.3030271009509397,0.28
29,2023-01-30,11.748816,-15.63,-21.17,0.11270833333333334,-21.326666666666664,0.831,0.738,0.8458333333333333,0.0,0.45,0.39,0.4013439870746914,0.39
30,2023-01-31,13.403196,-9.6,-25.51,0.10912500000000001,-22.188333333333333,0.854,0.56,0.8004166666666667,0.5,0.65,0.5700000000000001,0.5696744332321646,0.5700000000000001
31,2023-02-01,13.257,-3.34,-23.64,0.15883333333333333,-18.252083333333335,0.837,0.486,0.9249999999999999,0.76,1.0,0.9,0.8603761236451907,0.9
32,2023-02-02,13.431888,1.53,-17.0,0.22195833333333334,-13.816666666666665,0.884,0.451,1.0795833333333333,0.0,1.23,1.08,1.0595823551354542,1.08
33,2023-02-03,12.604428,4.47,-16.02,0.2831666666666667,-10.960833333333333,0.889,0.409,0.82375,0.0,1.26,1.12,1.0914276341035491,1.12
34,2023-02-04,13.078332,10.76,-6.18,0.36904166666666666,-6.76875,0.863,0.304,1.28,0.0,1.96,1.5999999999999999,1.5743554926770367,1.5999999999999999
35,2023-02-05,12.487283999999999,1.64,-7.7,0.35670833333333335,-7.24875,0.912,0.495,0.965,0.0,1.18,1.02,1.0090070606272414,1.02
36,2023-02-06,9.848087999999999,4.85,-8.85,0.38304166666666667,-6.379583333333333,0.926,0.395,3.2391666666666663,0.0,1.85,1.3,1.299520515193543,1.3
37,2023-02-07,14.308164,2.51,-10.77,0.3466666666666667,-7.713333333333334,0.909,0.555,1.0366666666666666,0.0,1.47,1.29,1.259288846189514,1.29
38,2023-02-08,12.888612,5.11,-11.48,0.3496666666666666,-7.75,0.921,0.484,2.109166666666667,0.0,1.52,1.33,1.3161747492565303,1.33
39,2023-02-09,10.521504,-0.5,-9.39,0.300375,-9.494166666666667,0.792,0.48,4.541666666666667,0.0,1.74,1.21,1.2087162239332103,1.21
40,2023-02-10,14.330916,1.53,-14.66,0.2635,-11.388333333333334,0.893,0.448,0.44208333333333333,0.0,1.05,0.99,0.9846790465524877,0.99
41,2023-02-11,14.112612,5.05,-10.96,0.3505,-7.636666666666667,0.915,0.43,0.5716666666666667,0.0,1.46,1.34,1.2935991664153579,1.34
42,2023-02-12,13.482935999999999,6.26,-4.84,0.42291666666666666,-4.992916666666667,0.902,0.464,0.7383333333333333,0.0,1.54,1.37,1.3341588021705377,1.37
43,2023-02-13,13.810103999999999,5.12,-9.12,0.4259583333333334,-5.090833333333333,0.93,0.535,0.8720833333333333,0.0,1.51,1.32,1.3069951512118148,1.32
44,2023-02-14,14.776343999999998,5.36,-5.02,0.33920833333333333,-8.018333333333333,0.902,0.364,6.582916666666667,0.0,3.32,2.2800000000000002,2.27587331241974,2.2800000000000002
45,2023-02-15,8.119476,-5.13,-10.68,0.2335,-12.594999999999999,0.843,0.7,4.79625,0.0,0.63,0.48000000000000004,0.5074708958049469,0.48000000000000004
46,2023-02-16,16.059204,-2.84,-14.52,0.20195833333333335,-14.41375,0.861,0.467,1.3208333333333333,0.0,1.45,1.22,1.2181151322716095,1.22
47,2023-02-17,15.060959999999998,3.64,-16.66,0.282,-11.319583333333334,0.863,0.404,0.58625,0.0,1.59,1.39,1.38570465774864,1.39
48,2023-02-18,8.810712,4.26,-5.23,0.41983333333333334,-5.1425,0.886,0.596,0.9070833333333334,0.0,1.14,1.02,0.9679692792166539,1.02
49,2023-02-19,15.99066,8.09,-6.81,0.35400000000000004,-7.439583333333334,0.807,0.313,1.8187499999999999,0.0,2.59,2.04,1.9971916444940976,2.04
50,2023-02-20,11.16828,9.61,-4.48,0.43545833333333334,-4.622083333333333,0.848,0.377,2.089166666666667,0.0,1.96,1.51,1.449987504354804,1.51
51,2023-02-21,11.328695999999999,8.5,-3.93,0.5253333333333333,-2.1783333333333332,0.933,0.585,1.3062500000000001,0.51,1.6500000000000001,1.39,1.3547038881861377,1.39
52,2023-02-22,8.194464,-3.53,-21.48,0.16075,-17.980833333333333,0.895,0.677,4.8475,0.25,0.52,0.39,0.416953146753431,0.39
53,2023-02-23,16.361136,-14.3,-24.71,0.090375,-24.096249999999998,0.774,0.471,1.0045833333333334,0.0,0.78,0.68,0.6842710331949551,0.68
54,2023-02-24,17.482572,-6.03,-19.58,0.17025,-16.765833333333333,0.843,0.559,1.2904166666666665,0.25,1.1500000000000001,1.0,0.9800399106445628,1.0
55,2023-02-25,16.537932,6.0,-14.09,0.35191666666666666,-8.52,0.871,0.507,1.365,0.0,1.9200000000000002,1.61,1.5882513003338101,1.61
56,2023-02-26,13.188816000000001,9.94,-5.16,0.482875,-3.4179166666666667,0.919,0.497,1.6170833333333334,0.0,2.19,1.8699999999999999,1.824812491236683,1.8699999999999999
57,2023-02-27,18.03906,11.19,-1.25,0.3834583333333333,-6.299166666666667,0.841,0.275,2.51625,0.0,3.93,3.04,3.00441751624149,3.04
58,2023-02-28,17.876448,8.88,-4.17,0.36720833333333336,-7.055833333333333,0.915,0.324,3.8575,0.0,3.3,2.42,2.3991672951596756,2.42
59,2023-03-01,7.485552,0.19,-6.55,0.34662499999999996,-7.803333333333334,0.905,0.331,2.40375,0.25,1.09,0.8,0.7895138659373824,0.8
60,2023-03-02,18.365256,5.43,-7.11,0.4077916666666667,-5.546666666666667,0.874,0.503,1.2625,0.0,2.18,1.88,1.8593935103821837,1.88
61,2023-03-03,10.387404,8.77,-3.34,0.484375,-3.2070833333333333,0.949,0.336,1.26125,0.0,1.7100000000000002,1.39,1.389720497338176,1.39
62,2023-03-04,13.522788,1.89,-4.81,0.39395833333333335,-6.154166666666666,0.959,0.503,2.8441666666666667,0.0,1.92,1.49,1.4828399483702817,1.49
63,2023-03-05,18.655596,12.17,-4.39,0.41641666666666666,-5.287083333333333,0.923,0.282,3.2079166666666663,0.0,3.4,2.6999999999999997,2.676343216580712,2.6999999999999997
64,2023-03-06,18.923832,3.01,-4.89,0.39658333333333334,-5.840833333333333,0.89,0.539,3.1983333333333337,0.0,2.37,1.84,1.8247700296388658,1.84
65,2023-03-07,8.993484,2.56,-3.64,0.45333333333333337,-4.04625,0.95,0.554,1.94625,0.25,0.9400000000000001,0.86,0.8318034222038313,0.86
66,2023-03-08,13.170816,2.39,-3.18,0.46599999999999997,-3.6833333333333336,0.934,0.602,3.970833333333333,0.0,1.73,1.35,1.3244342205395996,1.35
67,2023-03-09,19.430748,12.12,-2.17,0.4041666666666666,-6.051666666666667,0.931,0.155,3.5541666666666667,0.0,4.2,3.07,3.0929755644869346,3.07
68,2023-03-10,13.335732,8.78,-3.74,0.5060833333333333,-2.6266666666666665,0.926,0.466,1.6866666666666665,0.0,2.1,1.7,1.6994954507022257,1.7
69,2023-03-11,17.969328,14.64,-0.58,0.33375,-9.064583333333333,0.858,0.116,5.427916666666667,0.0,5.84,4.04,4.033704174960199,4.04
70,2023-03-12,18.762515999999998,5.13,-6.46,0.3300416666666667,-8.214166666666666,0.831,0.335,1.9416666666666667,0.0,2.54,2.15,2.137441978086395,2.15
71,2023-03-13,19.57014,10.59,-6.85,0.378625,-6.504166666666666,0.842,0.32,1.765,0.0,3.16,2.5500000000000003,2.5272143718743467,2.5500000000000003
72,2023-03-14,17.15454,16.95,-5.42,0.39445833333333336,-6.015000000000001,0.88,0.15,1.295,0.0,3.58,2.85,2.824110620234343,2.85
73,2023-03-15,16.217676,21.25,-0.04,0.5092916666666667,-2.762916666666667,0.803,0.186,2.81625,1.52,4.73,3.6300000000000003,3.612914469349944,3.6300000000000003
74,2023-03-16,18.68004,3.74,-3.63,0.329875,-8.487916666666667,0.808,0.317,7.5475,0.0,3.7199999999999998,2.62,2.6213643714755714,2.62
75,2023-03-17,21.493188,5.87,-7.62,0.22824999999999998,-13.33875,0.763,0.136,4.54,0.0,4.23,3.03,3.044679334380784,3.03
76,2023-03-18,21.953304,8.05,-9.35,0.19445833333333332,-15.264583333333334,0.781,0.114,2.7954166666666667,0.0,4.24,3.15,3.1196360648494235,3.15
77,2023-03-19,21.986532,13.18,-11.29,0.19245833333333331,-15.1025,0.732,0.09,1.28625,0.0,4.0200000000000005,3.23,3.2009320805503925,3.23
78,2023-03-20,16.663284,13.9,-3.81,0.29725,-9.571250000000001,0.683,0.165,2.5570833333333334,0.0,4.7,3.38,3.2822900052640396,3.38
79,2023-03-21,19.02942,14.51,-1.1,0.27879166666666666,-10.745416666666666,0.648,0.098,3.2291666666666665,0.0,5.62,4.08,4.070462471623347,4.08
80,2023-03-22,7.626276,5.3,-2.34,0.44125,-4.78125,0.953,0.317,1.8158333333333332,1.78,1.43,1.1,1.113513362273163,1.1
81,2023-03-23,16.881192,10.53,-0.39,0.5243333333333333,-2.29375,0.956,0.269,2.7554166666666666,0.0,3.4,2.64,2.658089167880243,2.64
82,2023-03-24,15.540732,10.86,-4.84,0.414,-5.702083333333333,0.948,0.19,1.7066666666666668,0.0,3.34,2.63,2.6253838710913375,2.63
83,2023-03-25,16.65216,4.74,-4.26,0.28991666666666666,-10.424583333333333,0.944,0.224,4.278333333333333,0.0,3.38,2.52,2.5346068266026314,2.52
84,2023-03-26,22.592592,5.76,-9.03,0.23058333333333333,-13.083333333333334,0.803,0.161,1.9991666666666665,0.0,3.32,2.69,2.7018382441673006,2.69
85,2023-03-27,18.182592,-0.02,-11.03,0.34270833333333334,-8.154583333333333,0.949,0.495,4.568333333333333,1.27,2.0100000000000002,1.54,1.5056404339781428,1.54
86,2023-03-28,23.323932,3.3,-17.92,0.290125,-11.338333333333333,0.811,0.508,2.2879166666666664,0.0,2.49,2.12,2.0638955969980617,2.12
87,2023-03-29,19.797048,3.08,-4.91,0.4230833333333333,-5.0495833333333335,0.889,0.664,2.5725000000000002,0.0,2.09,1.73,1.7039299040819573,1.73
88,2023-03-30,19.769832,16.03,-4.16,0.5195833333333334,-2.3820833333333336,0.957,0.33,1.79375,0.0,3.35,2.81,2.704886489275546,2.81
89,2023-03-31,18.071892,10.07,1.77,0.313625,-9.001666666666667,0.686,0.22,6.402083333333334,0.0,5.76,4.07,4.012665108194907,4.07
90,2023-04-01,24.17328,18.58,-3.73,0.29725,-9.664583333333333,0.747,0.11,2.315,0.0,5.53,4.37,4.343047114456225,4.37
91,2023-04-02,25.238124,20.94,2.92,0.325375,-8.727916666666667,0.577,0.109,3.36875,0.0,7.61,5.7,5.67271851926872,5.7
92,2023-04-03,16.381548,14.1,-1.35,0.47983333333333333,-3.313333333333333,0.803,0.306,5.12125,0.0,4.29,3.1,3.084777378729032,3.1
93,2023-04-04,14.103792,0.4,-6.13,0.385,-6.348333333333333,0.892,0.615,5.5370833333333325,1.27,1.56,1.22,1.22989904812776,1.22
94,2023-04-05,23.561244,5.51,-9.1,0.28795833333333337,-10.067916666666667,0.807,0.273,1.925,0.0,3.31,2.76,2.744290614627656,2.76
95,2023-04-06,25.116912,10.46,-6.27,0.28954166666666664,-10.62,0.921,0.114,1.2770833333333333,0.0,4.21,3.42,3.3745827411701232,3.42
96,2023-04-07,25.566372,19.45,-5.89,0.28354166666666664,-10.16375,0.757,0.101,1.6433333333333333,0.0,5.38,4.27,4.2584755275677475,4.27
97,2023-04-08,15.974172,20.36,-1.11,0.412625,-5.48,0.735,0.124,1.5158333333333334,0.0,4.65,3.63,3.608131613215839,3.63
98,2023-04-09,23.857812,20.79,-0.41,0.47370833333333334,-3.5979166666666664,0.795,0.151,1.7020833333333334,0.0,5.48,4.48,4.440052967141898,4.48
99,2023-04-10,25.570044,23.85,-0.38,0.46008333333333334,-3.9125,0.775,0.13,1.0758333333333334,0.0,5.58,4.54,4.482636104441954,4.54
100,2023-04-11,26.226504,28.59,1.11,0.41220833333333334,-5.6000000000000005,0.704,0.073,1.5533333333333335,0.0,7.09,5.57,5.502073944881445,5.57
101,2023-04-12,22.856364,29.16,3.62,0.4299583333333334,-4.79875,0.559,0.089,1.9179166666666667,0.0,7.28,5.52,5.479950060892186,5.52
102,2023-04-13,13.812624,25.37,10.33,0.5022916666666667,-2.9754166666666664,0.493,0.111,2.41375,0.0,6.04,4.38,4.389053899685756,4.38
103,2023-04-14,5.023296,11.94,0.73,0.5701666666666666,-0.9833333333333334,0.936,0.344,4.3325000000000005,2.04,1.82,1.32,1.3185707805167333,1.32
104,2023-04-15,19.61892,9.97,-1.21,0.4147083333333333,-5.807083333333334,0.953,0.194,3.93625,0.25,4.6,3.28,3.2884728403809187,3.28
105,2023-04-16,26.69184,16.71,-5.64,0.338625,-7.9325,0.82,0.148,1.5420833333333333,0.0,5.33,4.2700000000000005,4.245247125950049,4.2700000000000005
106,2023-04-17,26.580996,23.01,-2.87,0.356875,-7.354583333333333,0.737,0.096,1.7091666666666667,0.0,6.68,5.24,5.189605341816996,5.24
107,2023-04-18,21.136104,24.79,1.99,0.38104166666666667,-6.5929166666666665,0.57,0.076,3.0370833333333334,0.0,7.37,5.48,5.289076290998562,5.48
108,2023-04-19,16.111296,13.93,2.04,0.45612499999999995,-4.300833333333333,0.862,0.24,4.755833333333333,2.2800000000000002,4.35,3.22,3.19123668575187,3.22
109,2023-04-20,24.632388,9.84,-0.8,0.2065,-14.106250000000001,0.364,0.159,6.151666666666667,0.25,6.86,4.81,4.820855863731187,4.81
110,2023-04-21,13.768236,8.31,-0.98,0.33466666666666667,-9.16,0.947,0.161,2.9758333333333336,0.76,3.58,2.7,2.6978608102093067,2.7
111,2023-04-22,16.485732,5.07,-4.12,0.40595833333333337,-5.530833333333334,0.808,0.461,0.8591666666666667,0.25,2.17,1.85,1.8247828629338811,1.85
112,2023-04-23,27.062964,13.52,-7.05,0.3855,-6.2941666666666665,0.874,0.224,1.3816666666666666,0.0,4.66,3.91,3.8770555100556727,3.91
113,2023-04-24,25.3053,18.74,-0.41,0.40170833333333333,-5.81,0.632,0.15,1.8529166666666665,0.0,5.81,4.69,4.689519445842558,4.69
114,2023-04-25,11.23056,10.64,5.51,0.8654166666666666,4.849583333333333,0.932,0.577,4.4558333333333335,18.29,1.98,1.58,1.5781130755091763,1.58
115,2023-04-26,21.944339999999997,13.81,5.48,0.8260833333333334,4.215416666666667,0.935,0.481,1.9245833333333333,1.52,3.93,3.31,3.319512147700118,3.31
116,2023-04-27,18.682164,19.46,3.93,0.6949166666666667,1.6108333333333336,0.933,0.197,4.422916666666667,0.0,5.97,4.3,4.288998955499204,4.3
117,2023-04-28,23.783939999999998,15.13,2.25,0.48258333333333336,-3.3000000000000003,0.724,0.225,4.678333333333334,0.0,6.39,4.63,4.60723484660643,4.63
118,2023-04-29,22.369068,21.73,4.83,0.5981666666666666,-0.3525,0.731,0.207,2.735,0.0,7.39,5.34,5.297170390748575,5.34
119,2023-04-30,27.772236,18.49,3.49,0.5800416666666667,-0.7733333333333333,0.793,0.254,1.8670833333333334,0.0,6.01,4.91,4.866862547379467,4.91
120,2023-05-01,27.517464,19.89,2.91,0.6317083333333333,-0.2591666666666667,0.939,0.243,2.3179166666666666,0.0,4.79,4.14,4.106614038705506,4.14
121,2023-05-02,24.412572,21.93,6.01,0.6287916666666666,0.245,0.573,0.214,4.1825,0.0,8.14,5.91,5.821619361033459,5.91
122,2023-05-03,23.04576,26.08,6.01,0.6893750000000001,1.2916666666666667,0.804,0.127,1.4775,0.0,6.12,4.84,4.824999276361382,4.84
123,2023-05-04,19.389456,23.59,8.15,0.8755000000000001,4.926666666666667,0.823,0.224,2.6354166666666665,0.25,5.83,4.53,4.533925794774405,4.53
124,2023-05-05,22.217868,23.32,7.9,0.7948333333333334,3.500833333333333,0.794,0.178,2.6266666666666665,0.0,7.32,5.47,5.469462765032838,5.47
125,2023-05-06,25.8354,22.12,3.02,0.5088750000000001,-3.139583333333333,0.826,0.117,2.3345833333333332,0.0,7.45,5.64,5.66738197752769,5.64
126,2023-05-07,23.16726,19.36,8.12,0.5962083333333333,-0.5041666666666667,0.498,0.271,2.4483333333333333,0.0,6.23,4.85,4.8226023626033605,4.85
127,2023-05-08,25.11846,23.5,-999.0,0.5641666666666666,-206.03625,0.792,-999.0,2.9454166666666666,0.25,6.69,5.12,3.5518241728826845,5.12
128,2023-05-09,29.052144,24.59,7.04,0.9899166666666667,6.712083333333333,0.84,0.292,3.3845833333333335,2.03,8.17,6.38,6.343191694845145,6.38
129,2023-05-10,9.118548,17.16,8.0,1.1575416666666667,9.039583333333333,0.898,0.666,2.0833333333333335,26.919999999999998,2.09,1.76,1.739461099100844,1.76
130,2023-05-11,4.227444,11.96,9.87,1.159875,9.149166666666666,0.937,0.853,2.967916666666667,34.56,1.12,0.89,0.8742075744466374,0.89
131,2023-05-12,18.012888,15.13,9.65,0.9994999999999999,6.95625,0.887,0.581,6.059166666666666,22.35,4.39,3.29,3.2695978861519714,3.29
132,2023-05-13,18.053712,16.33,9.56,1.019375,7.212083333333333,0.826,0.559,3.984583333333333,0.0,4.56,3.48,3.4562744020412874,3.48
133,2023-05-14,10.694268,14.82,10.17,1.1705833333333333,9.262500000000001,0.925,0.765,3.1320833333333336,5.83,2.31,1.86,1.845052165193166,1.86
134,2023-05-15,13.130063999999999,16.41,9.78,1.1151666666666666,8.57375,0.922,0.566,1.1125,0.25,2.61,2.29,2.303996565807728,2.29
135,2023-05-16,25.458552,25.44,6.21,1.0912916666666665,8.162083333333333,0.942,0.281,1.6504166666666666,0.51,6.38,5.24,5.227740903365453,5.24
136,2023-05-17,27.708408,25.88,8.4,1.07575,7.964166666666666,0.922,0.267,1.4974999999999998,0.25,6.62,5.61,5.524147873947367,5.61
137,2023-05-18,12.819312,18.55,10.43,1.2547916666666665,10.320833333333333,0.933,0.612,1.9124999999999999,1.26,2.87,2.37,2.3145436430757207,2.37
138,2023-05-19,16.448976,16.84,9.28,1.0796666666666666,8.064583333333333,0.925,0.516,1.9608333333333334,0.0,3.46,2.92,2.853577135979528,2.92
139,2023-05-20,22.808087999999998,21.48,8.18,1.1121666666666667,8.514583333333333,0.916,0.405,1.14125,0.0,4.78,4.14,4.065034428272413,4.14
140,2023-05-21,29.56932,24.61,8.4,0.9347916666666666,5.790416666666666,0.92,0.218,1.4825,0.0,7.43,6.0200000000000005,5.939392197982647,6.0200000000000005
141,2023-05-22,24.436187999999998,24.1,8.87,0.9812500000000001,6.617083333333333,0.837,0.267,1.3375000000000001,0.0,6.13,5.0,4.9517205634774655,5.0
142,2023-05-23,24.961608,24.92,9.79,1.2123333333333333,9.721666666666666,0.92,0.313,2.0791666666666666,0.25,6.65,5.4,5.36023760483518,5.4
143,2023-05-24,15.287723999999999,19.73,11.16,1.3903333333333334,11.830416666666666,0.953,0.647,1.9208333333333334,0.76,3.25,2.78,2.7564713758482005,2.78
144,2023-05-25,26.41536,24.17,9.94,1.2139166666666668,9.817916666666667,0.927,0.409,2.6733333333333333,0.0,7.06,5.56,5.523889890030439,5.56
145,2023-05-26,18.258516,23.58,11.24,1.306,10.924166666666666,0.944,0.473,2.61,15.74,4.71,3.77,3.743398404822799,3.77
146,2023-05-27,23.096124,24.28,10.35,1.292,10.664166666666667,0.951,0.453,2.9033333333333338,0.76,5.83,4.76,4.710432929820543,4.76
147,2023-05-28,26.05662,22.96,9.08,1.2267083333333333,9.97125,0.942,0.412,1.6983333333333333,0.51,6.03,5.03,4.932881474379701,5.03
148,2023-05-29,28.334196,27.42,10.5,1.1476666666666666,8.880416666666667,0.929,0.215,1.4316666666666666,0.0,7.05,5.85,5.758152596978363,5.85
149,2023-05-30,29.1402,26.56,10.18,1.089375,8.0525,0.874,0.221,2.0654166666666667,1.52,7.9799999999999995,6.34,6.286592549145446,6.34
150,2023-05-31,20.802024,25.7,9.54,1.1864999999999999,9.484583333333333,0.93,0.3,2.64875,4.82,5.48,4.3,4.217270793874962,4.3
151,2023-06-01,21.162996,22.57,10.68,1.239125,10.10625,0.899,0.402,1.9025,0.25,5.0,4.19,4.116508267146747,4.19
152,2023-06-02,22.052411999999997,20.63,12.25,1.191,9.5,0.882,0.401,1.6829166666666666,2.79,5.01,4.24,4.1617464698260624,4.24
153,2023-06-03,12.975335999999999,18.14,12.47,1.319875,11.075000000000001,0.904,0.573,0.7670833333333333,10.149999999999999,2.42,2.16,2.1039365505383927,2.16
154,2023-06-04,12.925692,18.62,13.87,1.4595,12.612916666666665,0.929,0.667,2.0016666666666665,8.629999999999999,2.66,2.21,2.1394050828167157,2.21
155,2023-06-05,23.604983999999998,22.3,12.43,1.433625,12.344999999999999,0.951,0.532,2.13875,8.89,5.26,4.31,4.252282179537779,4.31
156,2023-06-06,29.004192,25.08,9.94,1.3793750000000002,11.703333333333333,0.947,0.416,1.2004166666666667,0.0,6.54,5.58,5.527527202969225,5.58
157,2023-06-07,29.185488,25.59,11.64,1.3495833333333334,11.389166666666666,0.916,0.364,1.6091666666666666,0.0,7.31,6.06,5.993381451622558,6.06
158,2023-06-08,27.80604,25.62,12.44,1.2662083333333334,10.427916666666667,0.84,0.323,1.455,0.0,6.67,5.63,5.586229554158495,5.63
159,2023-06-09,21.02796,26.89,13.93,1.2231666666666667,9.872083333333334,0.884,0.265,1.7758333333333332,6.85,5.95,4.78,4.749861726771477,4.78
160,2023-06-10,24.048612,24.74,10.33,1.1945,9.555,0.914,0.338,1.5141666666666664,0.0,6.01,5.01,4.9619664691463745,5.01
161,2023-06-11,14.683931999999999,19.67,10.38,1.27125,10.476666666666667,0.905,0.536,1.9645833333333333,12.19,3.84,3.13,3.104187719842138,3.13
162,2023-06-12,13.542444,17.86,11.34,1.321625,11.094166666666666,0.941,0.641,2.1366666666666667,2.79,3.3000000000000003,2.65,2.642930421972695,2.65
163,2023-06-13,16.260588,19.77,11.29,1.2391666666666665,10.12875,0.938,0.467,1.0941666666666667,5.58,3.26,2.75,2.710740282998152,2.75
164,2023-06-14,29.080692,24.48,9.04,1.2132083333333334,9.79625,0.934,0.358,1.5533333333333335,0.0,6.76,5.62,5.564854142839013,5.62
165,2023-06-15,20.39238,24.77,12.86,1.2605416666666667,10.370833333333334,0.882,0.328,1.7816666666666665,1.77,5.34,4.4,4.372451143913802,4.4
166,2023-06-16,11.448576,17.08,11.88,1.3599166666666667,11.540833333333333,0.928,0.66,1.97,5.56,2.66,2.14,2.1534121494350025,2.14
167,2023-06-17,25.856172,22.42,9.04,1.246125,10.208333333333334,0.954,0.423,1.0583333333333333,0.0,5.39,4.66,4.587080719111956,4.66
168,2023-06-18,29.98548,28.78,9.81,1.1825416666666666,9.321666666666667,0.943,0.223,1.7437500000000001,0.0,8.21,6.5200000000000005,6.45077387706509,6.5200000000000005
169,2023-06-19,31.276656,30.88,11.39,1.2244583333333334,9.812916666666666,0.899,0.195,1.5808333333333333,0.0,8.7,6.99,6.9170455099364485,6.99
170,2023-06-20,22.881059999999998,29.39,11.74,1.4431666666666667,12.285416666666668,0.943,0.221,1.1466666666666667,0.0,5.08,4.3,4.213846605987526,4.3
171,2023-06-21,21.540312,28.07,16.03,1.74175,15.28625,0.955,0.409,2.605,1.52,5.72,4.61,4.582894686623606,4.61
172,2023-06-22,22.2012,23.41,14.48,1.55225,13.530416666666667,0.882,0.504,2.8820833333333336,0.0,5.92,4.59,4.519163233218069,4.59
173,2023-06-23,25.657128,26.93,14.45,1.68475,14.70875,0.932,0.458,1.7816666666666665,0.0,6.23,5.22,5.137517319410565,5.22
174,2023-06-24,31.816727999999998,28.09,10.26,0.7781666666666666,2.965,0.734,0.141,3.0395833333333333,0.0,10.34,7.86,7.772520641894116,7.86
175,2023-06-25,30.441167999999998,25.9,9.91,1.1957916666666668,9.570416666666667,0.876,0.357,2.3945833333333333,0.0,7.89,6.32,6.217529328502348,6.32
176,2023-06-26,29.044404,29.91,12.94,1.4962083333333334,12.793333333333335,0.948,0.232,2.09375,0.0,6.69,5.61,5.50758905497441,5.61
177,2023-06-27,27.728172,33.07,15.54,1.3872083333333334,11.032083333333333,0.945,0.152,1.5966666666666667,0.0,7.430000000000001,6.13,6.0442045985727155,6.13
178,2023-06-28,29.125764,28.55,15.78,1.5071666666666665,13.075000000000001,0.805,0.36,2.6916666666666664,0.0,7.97,6.47,6.376705414123697,6.47
179,2023-06-29,18.551772,27.04,15.8,1.41375,12.099166666666667,0.846,0.383,3.3433333333333333,0.0,7.24,5.45,5.085821902937765,5.45
180,2023-06-30,14.624495999999999,21.0,12.26,1.3488333333333333,11.401666666666666,0.895,0.523,1.6187500000000001,1.27,3.51,2.88,2.8145253245618704,2.88
181,2023-07-01,28.484388,28.03,9.61,1.1961666666666666,9.550416666666667,0.88,0.275,1.3916666666666666,0.0,7.41,6.09,6.017291086324715,6.09
182,2023-07-02,27.652032,30.17,12.02,1.1792916666666666,9.222083333333334,0.89,0.205,1.5541666666666665,0.0,8.08,6.38,6.279057354361534,6.38
183,2023-07-03,27.406475999999998,32.68,11.52,1.0832916666666665,7.8620833333333335,0.853,0.135,1.1833333333333333,0.0,7.640000000000001,6.26,6.225159648809584,6.26
184,2023-07-04,19.41264,25.57,12.85,1.3861666666666668,11.772916666666667,0.908,0.384,2.6199999999999997,9.899999999999999,5.61,4.4,4.383680306235579,4.4
185,2023-07-05,5.5050479999999995,16.04,12.01,1.4144583333333334,12.117083333333333,0.95,0.849,2.5204166666666667,8.37,1.4200000000000002,1.11,1.122176408606702,1.11
186,2023-07-06,14.980787999999999,23.94,12.89,1.6322916666666665,14.287916666666668,0.956,0.605,1.8099999999999998,1.01,3.61,3.04,3.037873408795948,3.04
187,2023-07-07,20.42712,23.23,12.05,1.3809583333333333,11.695833333333333,0.922,0.435,2.122916666666667,1.27,5.31,4.3,4.247285800277218,4.3
188,2023-07-08,17.796708,23.16,13.22,1.5920416666666666,13.879583333333334,0.929,0.582,2.42875,4.32,4.51,3.65,3.630289705682156,3.65
189,2023-07-09,24.671808,24.65,12.25,1.6148333333333333,14.117083333333333,0.943,0.534,1.0833333333333333,0.0,5.29,4.62,4.552539971305676,4.62
190,2023-07-10,28.329767999999998,33.37,13.41,1.4915416666666665,12.630416666666667,0.929,0.158,0.8916666666666666,0.0,6.68,5.8,5.68938580594592,5.8
191,2023-07-11,28.976076,34.2,14.92,1.5010000000000001,12.501666666666667,0.917,0.13,0.8850000000000001,0.0,6.640000000000001,5.78,5.689669626957534,5.78
192,2023-07-12,26.531388,32.74,14.67,1.203625,9.404583333333333,0.783,0.162,1.3083333333333333,0.0,7.37,6.13,6.078574094281648,6.13
193,2023-07-13,29.106324,32.93,15.05,1.389541666666667,11.694166666666668,0.827,0.183,2.0433333333333334,1.02,8.77,7.05,6.9547402056372905,7.05
194,2023-07-14,28.577592,27.47,14.36,1.421875,12.137500000000001,0.921,0.335,2.8225,0.0,8.03,6.3,6.1997620208410815,6.3
195,2023-07-15,24.954587999999998,28.53,14.76,1.469625,12.638333333333334,0.867,0.308,1.0766666666666667,0.0,6.07,5.1000000000000005,4.983027351781242,5.1000000000000005
196,2023-07-16,28.892736,30.47,12.7,1.3278333333333334,11.142916666666666,0.915,0.245,1.8625,0.0,8.13,6.5,6.370855984219157,6.5
197,2023-07-17,26.08722,34.47,13.22,1.2262083333333333,9.873333333333333,0.856,0.156,1.675,0.0,8.54,6.68,6.583842133053996,6.68
198,2023-07-18,17.307575999999997,33.01,14.5,1.31275,10.885833333333332,0.903,0.202,2.0187500000000003,0.0,7.62,5.49,5.453721755687981,5.49
199,2023-07-19,16.780283999999998,28.99,18.06,1.4563750000000002,12.475833333333334,0.777,0.254,1.3125,0.0,5.72,4.46,4.418654675490772,4.46
200,2023-07-20,16.03584,24.24,14.62,1.7624166666666667,15.494166666666667,0.935,0.581,2.1529166666666666,32.75,4.04,3.2800000000000002,3.2467317359073182,3.2800000000000002
201,2023-07-21,25.498296,27.68,12.44,1.5085833333333334,13.095833333333333,0.939,0.36,0.7625000000000001,7.119999999999999,5.69,5.0,4.955278464384796,5.0
202,2023-07-22,28.428372,31.45,12.81,1.4835,12.669583333333334,0.935,0.246,0.8458333333333333,6.6,6.97,5.94,5.903096301657312,5.94
203,2023-07-23,23.88996,33.77,13.28,1.4900416666666667,12.835,0.915,0.218,1.0675000000000001,0.0,6.609999999999999,5.44,5.311433625920102,5.44
204,2023-07-24,25.057296,34.91,14.59,1.5180833333333332,13.114583333333334,0.879,0.202,1.0020833333333334,2.0300000000000002,6.85,5.7700000000000005,5.662202688591921,5.7700000000000005
205,2023-07-25,22.932071999999998,35.44,16.35,1.5789166666666665,13.798333333333334,0.824,0.21,0.9783333333333334,0.0,5.95,5.11,5.0328271042526564,5.11
206,2023-07-26,22.893768,33.23,15.4,1.5868333333333335,13.78625,0.944,0.232,1.3741666666666665,0.0,6.32,5.15,5.067310009247178,5.15
207,2023-07-27,27.126288,34.48,14.28,1.3900833333333333,11.577916666666667,0.91,0.142,1.46375,0.25,7.26,6.07,6.004880421577475,6.07
208,2023-07-28,17.2377,30.06,15.28,1.5042499999999999,13.061250000000001,0.882,0.347,1.5933333333333335,0.25,5.79,4.5200000000000005,4.41171535122151,4.5200000000000005
209,2023-07-29,20.7351,29.17,13.21,1.681,14.688333333333333,0.907,0.461,1.8779166666666667,0.0,6.07,4.83,4.738829175425942,4.83
210,2023-07-30,26.486568,34.6,16.14,1.6435833333333332,14.362499999999999,0.897,0.213,1.0270833333333333,0.0,6.88,5.8100000000000005,5.708724930950863,5.8100000000000005
211,2023-07-31,23.929416,31.21,18.9,1.7611666666666668,15.472083333333332,0.888,0.371,1.66375,2.54,6.48,5.45,5.325115720794322,5.45
212,2023-08-01,21.250367999999998,29.78,18.03,1.7904166666666665,15.732916666666666,0.929,0.359,1.7358333333333331,0.5,6.04,4.91,4.881048817529684,4.91
213,2023-08-02,24.106032,31.01,16.68,1.7063333333333333,14.981666666666667,0.919,0.323,1.575,0.25,6.9,5.57,5.5115592858287625,5.57
214,2023-08-03,22.488768,28.91,15.74,1.7100833333333334,15.080416666666666,0.95,0.375,2.3045833333333334,5.33,5.17,4.3,4.258131591719297,4.3
215,2023-08-04,23.573124,28.88,14.73,1.58075,13.769583333333335,0.928,0.306,1.3770833333333332,0.0,6.4,5.32,5.268832703575407,5.32
216,2023-08-05,21.854376,27.33,13.95,1.4474166666666666,12.467083333333333,0.895,0.345,1.6404166666666666,2.03,5.7299999999999995,4.79,4.79994245372748,4.79
217,2023-08-06,16.575984,22.49,13.56,1.3135833333333333,10.9325,0.919,0.39,1.30125,0.51,3.9099999999999997,3.28,3.3725454625705913,3.28
218,2023-08-07,19.906596,24.76,11.16,1.4115833333333334,12.07125,0.926,0.429,1.4004166666666666,0.5,5.05,4.17,4.021473279378125,4.17
219,2023-08-08,20.293416,28.48,10.08,1.304,10.784166666666666,0.934,0.268,1.4408333333333332,0.0,5.6899999999999995,4.59,4.354883014362334,4.59
220,2023-08-09,26.9955,27.7,13.45,1.1790833333333335,9.279166666666667,0.853,0.259,1.3683333333333332,0.0,6.77,5.4799999999999995,5.427801664195038,5.4799999999999995
221,2023-08-10,22.75272,30.25,11.87,1.189625,9.451666666666666,0.888,0.226,1.3183333333333334,0.0,6.36,5.07,5.012091128747095,5.07
222,2023-08-11,23.263848,33.2,12.55,1.2110833333333333,9.737083333333333,0.813,0.168,1.4083333333333332,0.0,6.21,5.14,5.093290564465683,5.14
223,2023-08-12,19.01016,29.48,15.3,1.4143333333333334,12.112083333333333,0.83,0.304,0.9558333333333334,0.0,5.32,4.36,4.291052739901462,4.36
224,2023-08-13,18.658332,21.75,14.79,1.1394166666666667,8.689166666666667,0.829,0.378,3.3975000000000004,0.0,6.68,4.81,4.743465134068661,4.81
225,2023-08-14,27.007019999999997,25.08,7.78,0.96975,6.474166666666666,0.853,0.269,0.8624999999999999,0.0,5.65,4.92,4.860590610411192,4.92
226,2023-08-15,26.985672,31.49,8.26,1.06325,7.800416666666667,0.866,0.183,1.1216666666666668,0.0,6.88,5.63,5.547517334545525,5.63
227,2023-08-16,26.137404,35.47,11.59,1.1287083333333332,8.585833333333333,0.832,0.133,1.9479166666666667,0.0,9.19,6.88,6.809425236247939,6.88
228,2023-08-17,22.793616,32.8,14.33,1.3360833333333335,11.20875,0.92,0.242,2.48625,0.0,7.72,5.82,5.755429685849774,5.82
229,2023-08-18,22.1499,34.66,15.08,1.4360833333333334,12.319583333333334,0.84,0.216,1.045,0.0,6.28,5.2299999999999995,5.152655548335403,5.2299999999999995
230,2023-08-19,21.596111999999998,34.14,14.6,1.4795833333333333,12.682083333333333,0.861,0.196,1.5733333333333333,15.49,6.56,5.28,5.266437233188714,5.28
231,2023-08-20,22.313699999999997,31.89,17.18,1.632,14.089583333333332,0.901,0.268,1.60625,0.0,6.05,4.93,4.818328586617633,4.93
232,2023-08-21,26.123327999999997,35.45,12.29,1.222,9.86,0.882,0.179,1.2270833333333333,0.0,7.38,6.0,5.895787274612696,6.0
233,2023-08-22,24.428088,34.54,13.05,1.2215833333333335,9.82625,0.813,0.165,1.5270833333333333,0.0,7.44,5.88,5.791548756434338,5.88
234,2023-08-23,23.393844,33.4,15.07,1.30875,10.900833333333333,0.763,0.209,1.4841666666666666,0.0,6.77,5.51,5.443715635976415,5.51
235,2023-08-24,22.219596,28.79,16.77,1.5817083333333333,13.872916666666667,0.945,0.382,2.6441666666666666,0.0,5.49,4.62,4.534370938817797,4.62
236,2023-08-25,3.8010960000000003,21.05,15.66,1.615375,14.168333333333335,0.912,0.613,2.857083333333333,3.8,1.74,1.31,1.2791047085611655,1.31
237,2023-08-26,20.635776,25.41,15.44,1.4234166666666666,12.107083333333334,0.924,0.368,1.5583333333333333,0.0,5.4399999999999995,4.36,4.298044863266142,4.36
238,2023-08-27,18.5058,28.24,11.47,1.4429166666666668,12.355416666666668,0.893,0.368,1.295,0.25,4.49,3.82,3.729202991686756,3.82
239,2023-08-28,19.564092,26.19,12.88,1.3878333333333333,11.807083333333333,0.928,0.375,1.5595833333333333,0.0,4.91,4.09,4.011658526007871,4.09
240,2023-08-29,24.275448,27.59,9.96,1.1899583333333335,9.466666666666667,0.931,0.264,1.1820833333333334,0.0,6.18,5.04,4.944081087302031,5.04
241,2023-08-30,24.257664,33.97,10.26,1.1465833333333333,8.918333333333333,0.875,0.155,1.0633333333333332,0.0,6.34,5.21,5.066046793496584,5.21
242,2023-08-31,24.409907999999998,34.39,12.07,1.0759166666666666,7.851666666666667,0.789,0.133,1.8066666666666666,0.0,8.11,6.12,6.036316635831577,6.12
243,2023-09-01,21.453912,35.65,11.89,1.2255833333333335,9.809166666666666,0.88,0.113,1.6541666666666668,0.25,6.35,4.98,4.910203906854722,4.98
244,2023-09-02,19.77264,32.46,14.87,1.2367916666666667,10.062083333333334,0.74,0.196,1.1075000000000002,0.0,5.66,4.68,4.58003435706985,4.68
245,2023-09-03,17.30934,31.79,17.27,1.5018333333333331,12.942083333333334,0.746,0.245,1.6912500000000001,1.02,5.83,4.54,4.481655997171936,4.54
246,2023-09-04,21.209508,30.81,13.55,1.275625,10.037916666666666,0.925,0.216,2.3208333333333333,0.0,7.05,5.55,5.46256694909111,5.55
247,2023-09-05,21.363804,23.33,11.81,0.9542916666666666,6.260416666666667,0.737,0.323,3.2762499999999997,0.0,7.16,5.3,5.198557858537325,5.3
248,2023-09-06,23.00076,29.35,9.31,0.9943333333333334,6.805833333333333,0.839,0.182,1.2054166666666666,0.0,5.72,4.65,4.525512271385569,4.65
249,2023-09-07,23.37444,31.21,8.82,0.8462083333333332,4.315416666666667,0.83,0.127,1.4175000000000002,0.0,6.37,5.07,4.967132502785631,5.07
250,2023-09-08,22.7862,31.64,9.5,0.9236666666666666,5.70625,0.785,0.129,1.2516666666666667,0.0,5.61,4.6,4.48406352734944,4.6
251,2023-09-09,22.17438,29.91,8.72,0.945375,5.929166666666667,0.765,0.155,2.05125,0.0,6.7,5.25,5.143938457995413,5.25
252,2023-09-10,4.697892,16.26,13.55,1.3769166666666666,11.719583333333333,0.926,0.706,1.96375,0.76,1.51,1.1,1.0943521588590992,1.1
253,2023-09-11,17.464392,21.76,11.47,1.2300833333333332,9.95125,0.936,0.379,1.2891666666666668,0.0,3.7600000000000002,3.22,3.156938868299869,3.22
254,2023-09-12,19.723644,24.58,6.1,1.109375,-286.05375,0.929,-999.0,1.2966666666666666,0.0,3.54,2.97,0.40488374526878934,2.97
255,2023-09-13,20.117124,26.41,6.96,0.9907499999999999,6.640000000000001,0.928,0.19,1.3466666666666667,0.0,4.99,4.0200000000000005,3.911595354383224,4.0200000000000005
256,2023-09-14,17.09658,21.35,8.48,1.1376666666666666,8.786666666666667,0.907,0.444,2.4495833333333334,2.2800000000000002,4.88,3.6799999999999997,3.613349237239106,3.6799999999999997
257,2023-09-15,13.029444,20.04,9.3,1.15975,9.098333333333333,0.923,0.429,1.1408333333333334,0.0,3.0,2.45,2.4105903621679663,2.45
258,2023-09-16,21.8574,25.14,4.88,0.8786666666666667,5.035833333333334,0.919,0.238,0.8820833333333334,0.0,4.53,3.85,3.736284175214838,3.85
259,2023-09-17,21.396995999999998,28.64,4.22,0.7915416666666667,3.4154166666666668,0.88,0.139,0.9458333333333333,0.0,4.9799999999999995,4.08,3.99319070691789,4.08
260,2023-09-18,18.147852,28.2,9.61,0.8155,3.8524999999999996,0.787,0.144,1.1916666666666667,0.0,5.24,4.06,4.0020242992465915,4.06
261,2023-09-19,13.662324,27.37,9.94,0.878375,5.010833333333333,0.81,0.187,1.4183333333333332,0.0,4.7,3.58,3.5120442327056605,3.58
262,2023-09-20,19.965096,27.81,7.43,0.8059583333333333,3.6629166666666664,0.806,0.147,1.5391666666666666,0.0,5.8100000000000005,4.46,4.41620329467679,4.46
263,2023-09-21,19.828008,26.69,9.25,0.91825,5.635833333333333,0.769,0.2,1.9458333333333335,0.0,5.19,4.19,4.138435126560927,4.19
264,2023-09-22,19.746792,26.62,14.65,1.1768333333333334,8.524583333333334,0.875,0.127,2.2170833333333335,0.0,5.16,4.15,4.063675143999382,4.15
265,2023-09-23,20.642688,23.89,7.53,0.5184166666666666,-2.4570833333333333,0.543,0.128,2.1933333333333334,0.0,5.58,4.3,4.280498356179374,4.3
266,2023-09-24,20.501604,25.15,3.48,0.5591666666666667,-1.35125,0.703,0.131,0.8808333333333334,0.0,4.33,3.5500000000000003,3.511384764485483,3.5500000000000003
267,2023-09-25,18.204911999999997,27.77,-999.0,0.6780416666666667,-251.005,0.749,-999.0,1.0425,0.0,3.4,2.91,0.7706170939789396,2.91
268,2023-09-26,19.536012,27.4,5.08,0.7382916666666667,2.3270833333333334,0.689,0.147,1.3666666666666665,0.0,4.96,3.99,3.8856444707401963,3.99
269,2023-09-27,19.343736,29.72,6.35,0.816375,3.735416666666667,0.867,0.122,1.4241666666666666,0.0,5.43,4.18,4.100320315408671,4.18
270,2023-09-28,18.719891999999998,30.25,6.23,0.7487083333333334,2.5470833333333336,0.778,0.111,1.9124999999999999,0.0,6.25,4.68,4.56401781549715,4.68
271,2023-09-29,19.032876,26.87,6.65,0.895375,5.2908333333333335,0.817,0.192,1.8558333333333332,0.0,5.58,4.29,4.1891402366044534,4.29
272,2023-09-30,17.653859999999998,30.6,7.29,0.8965833333333334,5.252083333333333,0.877,0.151,1.4566666666666668,0.0,4.81,3.87,3.7559701518775594,3.87
273,2023-10-01,17.852975999999998,29.41,13.0,0.8622083333333334,4.674166666666667,0.591,0.158,4.666666666666667,0.0,9.290000000000001,6.42,6.3308862724715675,6.42
274,2023-10-02,17.154684,27.93,9.51,0.9846666666666667,6.6570833333333335,0.871,0.207,3.0087499999999996,3.3,6.41,4.6,4.353332672165311,4.6
275,2023-10-03,16.046964,19.58,7.07,0.8428749999999999,3.99375,0.944,0.231,1.6854166666666668,0.0,4.06,3.22,3.150147782507946,3.22
276,2023-10-04,15.967584,20.22,6.6,0.684625,1.5295833333333333,0.772,0.235,2.044166666666667,0.0,4.21,3.28,3.2438798882398117,3.28
277,2023-10-05,17.053632,18.78,7.89,0.8019583333333333,3.625,0.953,0.297,1.8508333333333333,0.0,3.18,2.63,2.579123474953388,2.63
278,2023-10-06,9.789048,13.39,2.56,0.6309583333333334,0.3708333333333333,0.721,0.39,1.8041666666666665,0.0,2.14,1.7200000000000002,1.6396069616852922,1.7200000000000002
279,2023-10-07,17.738604,21.54,-0.99,0.5467916666666667,-1.63875,0.79,0.196,0.9579166666666667,0.0,3.46,2.9,2.7737508887595745,2.9
280,2023-10-08,17.574264,25.71,1.75,0.562625,-1.2333333333333334,0.767,0.135,1.1670833333333333,0.0,4.34,3.44,3.3410553535421323,3.44
281,2023-10-09,16.176492,26.42,3.21,0.5645,-1.1545833333333333,0.701,0.135,1.0158333333333334,0.0,3.87,3.16,3.0596685321962354,3.16
282,2023-10-10,16.6671,26.59,3.38,0.4859583333333333,-3.2925,0.679,0.109,1.0875000000000001,0.0,4.25,3.43,3.354919172966081,3.43
283,2023-10-11,9.681875999999999,22.97,4.91,0.7022083333333334,1.2695833333333333,0.878,0.18,2.0570833333333334,2.29,4.18,2.89,2.8567334093138403,2.89
284,2023-10-12,8.944344000000001,13.49,4.13,0.7472916666666666,2.58625,0.917,0.402,4.711666666666667,0.25,3.34,2.33,2.3314330603202067,2.33
285,2023-10-13,16.698528,11.84,1.13,0.5020416666666666,-2.7216666666666662,0.748,0.314,4.41625,0.0,4.37,3.09,3.0738165170643326,3.09
286,2023-10-14,13.389192,12.44,-3.9,0.4988333333333333,-2.825833333333333,0.887,0.356,0.5720833333333334,0.0,1.82,1.61,1.5498082621435088,1.61
287,2023-10-15,16.244316,20.64,-2.52,0.5263749999999999,-2.1216666666666666,0.85,0.212,1.4833333333333334,0.0,3.96,3.03,2.882466898358407,3.03
288,2023-10-16,15.88554,22.76,0.39,0.5831666666666667,-0.6945833333333332,0.805,0.207,0.79,0.0,2.87,2.45,2.331199058438483,2.45
289,2023-10-17,14.899608,28.59,1.82,0.5435416666666667,-1.7304166666666667,0.758,0.125,1.1816666666666666,0.0,3.87,3.08,3.1007775697679865,3.08
290,2023-10-18,13.730724,23.27,5.93,0.53325,-1.9754166666666668,0.554,0.135,2.9766666666666666,0.0,4.72,3.56,3.3508221968462952,3.56
291,2023-10-19,15.669431999999999,27.43,3.5,0.5223333333333333,-2.3316666666666666,0.724,0.115,1.31375,0.0,4.4799999999999995,3.39,3.2115796223202855,3.39
292,2023-10-20,15.700896,29.32,2.16,0.46279166666666666,-3.890833333333333,0.657,0.082,1.1858333333333333,0.0,4.02,3.16,3.0928827638146346,3.16
293,2023-10-21,14.578704,25.95,2.63,0.5272083333333334,-2.107083333333333,0.623,0.128,1.9116666666666668,0.0,4.32,3.27,3.21094366813662,3.27
294,2023-10-22,14.676048,23.64,3.97,0.6292083333333334,0.34541666666666665,0.752,0.177,1.1708333333333334,0.0,2.95,2.43,2.3455657384804285,2.43
295,2023-10-23,14.269751999999999,25.12,2.2,0.57825,-0.8245833333333333,0.729,0.145,1.1883333333333332,0.0,3.38,2.76,2.6673155217476756,2.76
296,2023-10-24,11.565107999999999,19.66,3.67,0.7836249999999999,3.422083333333333,0.88,0.29,1.3066666666666666,0.0,2.75,2.2,2.109226925397214,2.2
297,2023-10-25,6.133248,14.27,5.63,0.9508333333333333,6.191666666666666,0.953,0.672,1.3754166666666665,0.0,0.9600000000000001,0.8500000000000001,0.7989256151651706,0.8500000000000001
298,2023-10-26,3.550428,6.66,-0.28,0.6850416666666667,1.3595833333333334,0.944,0.743,2.4883333333333333,0.0,0.66,0.51,0.47812519678827897,0.51
299,2023-10-27,10.351944,7.06,-5.99,0.3144166666666667,-8.887083333333333,0.816,0.314,2.316666666666667,0.0,1.86,1.44,1.4150626672852835,1.44
300,2023-10-28,2.817612,-1.26,-5.0,0.3744166666666667,-6.640833333333333,0.937,0.545,2.067083333333333,0.0,0.46,0.36,0.3563131533912898,0.36
301,2023-10-29,8.465076,0.1,-6.79,0.32004166666666667,-8.663333333333334,0.933,0.422,0.9454166666666667,3.8200000000000003,1.1300000000000001,0.92,0.901357000397291,0.92
302,2023-10-30,13.424004,7.9,-11.61,0.31295833333333334,-9.039583333333333,0.904,0.245,0.5920833333333333,0.0,1.57,1.38,1.3144312508571727,1.38
303,2023-10-31,13.457016,9.52,-7.51,0.3677083333333333,-6.852916666666666,0.882,0.301,0.8808333333333334,0.0,1.78,1.45,1.4225094056831062,1.45
304,2023-11-01,10.043424,16.6,-5.66,0.4325833333333333,-4.733333333333333,0.906,0.212,0.7687499999999999,0.0,1.53,1.31,1.2359248016640076,1.31
305,2023-11-02,12.938148,20.14,-4.0,0.435375,-4.6554166666666665,0.844,0.152,1.0791666666666666,0.0,2.7,2.1,2.026239964990927,2.1
306,2023-11-03,11.387592,21.02,3.51,0.5676666666666667,-1.0229166666666667,0.707,0.205,1.2679166666666666,0.0,2.89,2.22,2.126491004066456,2.22
307,2023-11-04,12.620448,18.31,0.06,0.5705,-0.9891666666666667,0.866,0.24,1.165,0.0,2.69,2.11,2.005154199743435,2.11
308,2023-11-05,10.31148,23.65,1.41,0.5135,-2.4875000000000003,0.778,0.162,0.97125,0.0,2.25,1.82,1.7130033681471792,1.82
309,2023-11-06,10.962756,22.44,-0.26,0.48125,-3.2716666666666665,0.744,0.14,1.1141666666666665,0.0,2.77,2.14,2.0296507699171675,2.14
310,2023-11-07,12.087755999999999,21.38,-2.15,0.4673333333333334,-3.7191666666666667,0.779,0.14,2.0025,0.0,3.71,2.69,2.6713639343231987,2.69
311,2023-11-08,4.939956,8.82,-0.62,0.5406666666666667,-1.7433333333333334,0.841,0.409,2.5587500000000003,1.52,1.68,1.14,1.0965808951816778,1.14
312,2023-11-09,12.389508000000001,10.31,-5.57,0.35954166666666665,-7.254583333333333,0.894,0.223,1.2904166666666665,0.0,2.36,1.8,1.7462192797123064,1.8
313,2023-11-10,12.411468,12.94,-9.49,0.26425000000000004,-11.180416666666666,0.801,0.129,1.5025000000000002,0.0,2.5,1.84,1.8053590464816263,1.84
314,2023-11-11,11.950056,16.48,-7.39,0.263,-11.161666666666667,0.689,0.121,1.0004166666666667,0.0,2.09,1.65,1.5876029741363975,1.65
315,2023-11-12,12.054204,17.71,-6.25,0.26779166666666665,-10.894166666666665,0.69,0.111,1.4775,0.0,2.96,2.22,2.1221832825170397,2.22
316,2023-11-13,11.569572,16.61,-7.01,0.29225,-9.7875,0.681,0.157,1.04625,0.0,1.95,1.59,1.539826369510642,1.59
317,2023-11-14,10.640304,20.22,-0.92,0.30175,-9.652916666666666,0.662,0.085,1.2654166666666666,0.0,2.69,1.97,1.9109567361683253,1.97
318,2023-11-15,10.417608,18.13,-4.57,0.293,-9.765833333333333,0.63,0.138,1.1520833333333333,0.0,2.29,1.7699999999999998,1.7216045331828138,1.7699999999999998
319,2023-11-16,7.2253799999999995,19.36,-0.67,0.45879166666666665,-4.410416666666666,0.85,0.168,1.745,0.0,1.84,1.36,1.3177857786673117,1.36
320,2023-11-17,10.778724,15.28,-3.41,0.57175,-1.1058333333333332,0.914,0.336,1.0020833333333334,0.0,1.57,1.33,1.2147795344323735,1.33
321,2023-11-18,9.01422,15.47,-4.91,0.46725,-3.7583333333333333,0.839,0.296,1.0966666666666667,0.0,1.57,1.31,1.231422883611494,1.31
322,2023-11-19,7.59528,15.18,0.64,0.5379583333333333,-1.7908333333333333,0.8,0.257,2.4458333333333333,0.0,2.6300000000000003,1.8900000000000001,1.8373396140452714,1.8900000000000001
323,2023-11-20,4.981716,8.44,1.53,0.47012499999999996,-3.6304166666666666,0.619,0.398,5.40625,0.0,2.64,1.77,1.6494975142925996,1.77
324,2023-11-21,10.68642,13.77,-4.0,0.3589583333333333,-7.177916666666667,0.781,0.217,1.0983333333333334,0.0,1.77,1.44,1.3448204206118672,1.44
325,2023-11-22,10.592856,19.24,-6.85,0.318375,-8.715416666666668,0.753,0.144,0.7633333333333333,0.0,1.67,1.41,1.3410430291970137,1.41
326,2023-11-23,4.108356,4.27,-3.92,0.36933333333333335,-6.882083333333334,0.728,0.504,2.9270833333333335,0.0,1.24,0.86,0.862210459468347,0.86
327,2023-11-24,4.948884,-4.78,-9.52,0.29904166666666665,-9.497916666666667,0.917,0.808,3.7404166666666665,0.0,0.43,0.35000000000000003,0.38626905335173745,0.35000000000000003
328,2023-11-25,3.499056,-4.5,-17.06,0.25045833333333334,-11.860416666666666,0.891,0.653,1.2391666666666667,2.8,0.34,0.3,0.3153465534822369,0.3
329,2023-11-26,8.669232,3.23,-17.23,0.23883333333333334,-12.845,0.882,0.459,0.8716666666666667,0.5,0.87,0.76,0.7285807715846171,0.76
330,2023-11-27,10.392624,0.85,-15.66,0.243375,-12.467500000000001,0.878,0.552,1.2008333333333334,0.0,0.9500000000000001,0.84,0.7810803944179505,0.84
331,2023-11-28,10.611468,4.07,-14.5,0.27070833333333333,-11.291666666666666,0.86,0.502,1.2995833333333333,0.0,1.16,0.97,0.9424901145128665,0.97
332,2023-11-29,10.467827999999999,8.77,-13.38,0.291,-10.209999999999999,0.888,0.343,0.9195833333333333,0.0,1.2,1.07,0.9947328313630959,1.07
333,2023-11-30,7.788851999999999,1.78,-9.85,0.32445833333333335,-8.525,0.883,0.515,1.3395833333333333,0.0,0.86,0.7,0.6284870881097915,0.7
334,2023-12-01,6.862248,2.32,-8.11,0.35237500000000005,-7.415416666666666,0.911,0.56,0.8941666666666667,0.0,0.55,0.47,0.4324038796085409,0.47
335,2023-12-02,9.32256,4.58,-10.06,0.29062499999999997,-9.911666666666667,0.895,0.337,2.13125,0.0,1.68,1.19,1.1060981924180564,1.19
336,2023-12-03,9.33264,5.31,-6.78,0.31033333333333335,-9.111666666666666,0.726,0.304,3.9287500000000004,0.0,2.22,1.55,1.4985309367215525,1.55
337,2023-12-04,8.380692,12.92,-7.79,0.414125,-5.4975,0.877,0.332,2.0558333333333336,0.0,1.94,1.4000000000000001,1.3138605565713866,1.4000000000000001
338,2023-12-05,9.22194,13.8,-5.18,0.5091666666666667,-2.6775,0.921,0.354,0.8754166666666667,0.0,1.0,0.88,0.8040614387409258,0.88
339,2023-12-06,9.697536,16.71,-4.7,0.49420833333333336,-2.953333333333333,0.932,0.268,0.7283333333333334,0.0,1.11,1.0,0.9049043133173056,1.0
340,2023-12-07,9.595331999999999,17.45,-4.99,0.421375,-5.0562499999999995,0.903,0.199,2.905416666666667,0.0,3.26,2.2399999999999998,2.2026516939287935,2.2399999999999998
341,2023-12-08,5.1297120000000005,5.74,-0.77,0.3344583333333333,-8.158333333333333,0.68,0.33,3.0425,0.0,1.68,1.28,1.2358412862069763,1.28
342,2023-12-09,5.578056,3.65,-8.57,0.286875,-10.163333333333332,0.798,0.257,2.9654166666666666,0.0,2.09,1.36,1.351401018955927,1.36
343,2023-12-10,5.087592,7.06,-11.0,0.3017083333333333,-9.465416666666666,0.848,0.306,0.9841666666666667,0.0,0.88,0.67,0.6299573807733262,0.67
344,2023-12-11,7.900055999999999,10.0,-3.39,0.4359583333333333,-4.75875,0.907,0.327,1.46125,0.0,1.6,1.19,1.1495536746131136,1.19
345,2023-12-12,1.723248,0.51,-2.07,0.4945,-2.9308333333333336,0.936,0.744,1.85875,0.25,0.31,0.23,0.2267032558781815,0.23
346,2023-12-13,7.808616,3.97,-3.31,0.42933333333333334,-4.87875,0.954,0.491,1.3504166666666668,0.0,1.08,0.85,0.8239044427039454,0.85
347,2023-12-14,2.126448,0.84,-4.53,0.5054583333333333,-2.63125,0.96,0.834,1.2404166666666667,0.76,0.17,0.13999999999999999,0.14706526291873268,0.13999999999999999
348,2023-12-15,9.153252,11.1,-7.59,0.34758333333333336,-7.785833333333334,0.942,0.204,2.379583333333333,0.0,2.85,1.93,1.9028564209894694,1.93
349,2023-12-16,9.255851999999999,13.5,-8.78,0.34345833333333337,-7.761666666666667,0.856,0.244,0.8300000000000001,0.0,1.23,1.04,0.9636790871287104,1.04
350,2023-12-17,9.397008,15.95,-5.92,0.30375,-9.464166666666666,0.806,0.114,1.9024999999999999,0.0,2.87,1.95,1.882101310550302,1.95
351,2023-12-18,7.386696,8.12,-9.33,0.311625,-9.037916666666666,0.802,0.298,0.6995833333333333,0.0,0.94,0.79,0.7286503440037968,0.79
352,2023-12-19,5.876963999999999,14.25,-4.65,0.35912499999999997,-7.1258333333333335,0.776,0.218,0.9758333333333334,0.0,1.35,1.01,0.960706832232549,1.01
353,2023-12-20,6.8167800000000005,14.0,-1.85,0.40700000000000003,-5.506666666666667,0.752,0.231,1.3170833333333334,0.0,1.71,1.28,1.2387024782289853,1.28
354,2023-12-21,8.42112,17.34,-2.29,0.43216666666666664,-4.7175,0.774,0.23,0.8129166666666667,0.0,1.5,1.19,1.1650012976014588,1.19
355,2023-12-22,8.52516,11.56,-6.48,0.38304166666666667,-6.334166666666667,0.829,0.303,1.0262499999999999,0.0,1.25,1.02,0.9882398475076501,1.02
356,2023-12-23,4.180212,10.28,-4.39,0.47654166666666664,-3.5675000000000003,0.893,0.379,2.1058333333333334,1.01,1.08,0.8300000000000001,0.7942736077978855,0.8300000000000001
357,2023-12-24,6.754104,0.49,-6.83,0.29191666666666666,-10.09,0.794,0.386,5.894166666666667,0.0,1.65,1.1500000000000001,1.1338718652912132,1.1500000000000001
358,2023-12-25,7.39962,-0.5,-9.28,0.16583333333333333,-17.341666666666665,0.695,0.146,5.465833333333333,0.0,2.19,1.51,1.494675995697481,1.51
359,2023-12-26,2.971512,4.62,-1.14,0.2634166666666667,-11.35,0.448,0.224,9.849583333333333,0.51,3.19,2.18,2.086102189302918,2.18
360,2023-12-27,7.177572,8.25,-3.32,0.271625,-10.74125,0.532,0.23,5.697500000000001,0.0,3.58,2.44,2.3964124612984454,2.44
361,2023-12-28,9.319284,9.58,-10.43,0.243375,-12.128749999999998,0.782,0.206,0.9387500000000001,0.0,1.2,0.99,0.8882804326614503,0.99
362,2023-12-29,9.44082,12.22,-10.16,0.21020833333333333,-13.95125,0.781,0.124,1.20875,0.0,1.89,1.39,1.3040470405942088,1.39
363,2023-12-30,9.405504,13.17,-9.54,0.25704166666666667,-11.460833333333333,0.717,0.158,0.9820833333333333,0.0,1.53,1.21,1.1408606551955935,1.21
364,2023-12-31,7.265808,4.07,-7.67,0.340625,-7.848333333333334,0.836,0.48,1.4129166666666666,0.0,1.05,0.8,0.7165400661159551,0.8
